ticker,date,time,title,compound score
AMD,2023-08-02,05:41PM,"AMD Falls After Earnings, Sparks Selloff in Nvidia and Other Chip Stocks",0.0
AMD,2023-08-02,04:52PM,Intel CEO says 'the worst is behind us',-0.6249
AMD,2023-08-02,04:42PM,"AMD forecast, Generac stock plunges, E.l.f. Beauty profit: Trending tickers",0.7717
AMD,2023-08-02,04:33PM,Dow Jones Today: Index Dives on Rating Cut,-0.2732
AMD,2023-08-02,04:17PM,"These Stocks Are Moving the Most Today: Generac, SolarEdge, Paycom, Freshworks, Scotts Miracle-Gro, e.l.f. Beauty, and More",0.5859
AMD,2023-08-02,04:13PM,Stock Market Today: Stocks Slide on Rare U.S. Credit Rating Downgrade,0.3818
AMD,2023-08-02,04:10PM,S&P 500 Has Worst Day Since April After Big Rally: Markets Wrap,-0.6249
AMD,2023-08-02,04:04PM,Chipmaker AMD Cites AI Growth As It Beats Second-Quarter Targets,0.3818
AMD,2023-08-02,04:00PM,US STOCKS-Wall Street ends lower as investors step back after Fitch downgrades US,-0.296
AMD,2023-08-02,03:58PM,"Why Nvidia, Microsoft, Alphabet, and Other AI Stocks Crumbled Today",0.0
AMD,2023-08-02,03:56PM,Why Advanced Micro Devices Stock Is Down Today,0.25
AMD,2023-08-02,02:53PM,AMD shares fall as analysts worry AI chip targets may be ambitious,0.34
AMD,2023-08-02,02:52PM,Chinas Weak Recovery Is a Big Problem For Chip Stocks,-0.6808
AMD,2023-08-02,02:27PM,Our Take on Several Earnings Conference Calls,0.0
AMD,2023-08-02,02:27PM,Our Take on AMD and Several Other Earnings Conference Calls,0.0
AMD,2023-08-02,02:10PM,AMD's AI And Expansion Plans Hold Great Promise Of Catching Up To Nvidia,0.7506
AMD,2023-08-02,12:02PM,Stock Market Losses Deepen At Midday As Nasdaq Tumbles 2.3%; These Stocks Are Damaged,-0.6808
AMD,2023-08-02,11:38AM,"AMD Q2 Earnings Beat, Revenues Hurt by Weak Data Center",-0.743
AMD,2023-08-02,11:36AM,Q2 2023 Advanced Micro Devices Inc Earnings Call,0.25
AMD,2023-08-02,11:33AM,AMD Keeps the AI Dream Alive Enough,0.5574
AMD,2023-08-02,10:54AM,I'm All Aboard AMD and Lisa Su's AI Train: Here's the Plan,0.0258
AMD,2023-08-02,10:39AM,Earnings: Why Q2 may be a bottom,0.0
AMD,2023-08-02,10:33AM,Stock Market Rattled As Nasdaq Tests Key Level; This Stock Roars 21%,0.0
AMD,2023-08-02,10:19AM,AMD Says It Sees Opportunity for AI Chips Developed to Pass US Export Controls,0.4215
AMD,2023-08-02,10:15AM,"AMD Stock Earnings: Is This the Bottom, or Is Intel Taking Share?",0.296
AMD,2023-08-02,10:10AM,US STOCKS-Wall St falls after Fitch downgrades top-tier US rating,0.0
AMD,2023-08-02,09:56AM,"AMD upgraded, Electronic Arts downgraded: Wall Street's top analyst calls",0.2023
AMD,2023-08-02,09:38AM,Best Stocks to Buy Now: Is AMD Stock a Buy After Earnings?,0.6369
AMD,2023-08-02,09:00AM,"Advanced Micro Devices Insiders Sell US$9.2m Of Stock, Possibly Signalling Caution",0.25
AMD,2023-08-02,08:25AM,AMD's New AI Chip Could Send its Stock Soaring. Here's Why.,0.0
AMD,2023-08-02,08:11AM,"AMD Stock Pops on Earnings Beat, AI Chip Progress",0.4215
AMD,2023-08-02,07:12AM,5 Things to Know Before Markets Open,0.0
AMD,2023-08-02,07:12AM,3 Things About AMD That Smart Investors Know,0.4019
AMD,2023-08-02,06:33AM,Fitchs U.S. Credit Downgrade Is a Bad Look. Why Its Not a Disaster.,0.3387
AMD,2023-08-02,06:15AM,Better Buy: AMD vs. Nvidia,0.4404
AMD,2023-08-02,06:00AM,AMD Just Shared These 2 Gems During Its Earnings,0.34
AMD,2023-08-02,05:52AM,"Global Stocks Slump, Fitch U.S. Downgrade, AMD AI Ramp, Starbucks Sales, CVS Health On Deck - 5 Things To Know",0.0
AMD,2023-08-02,05:15AM,3 Top Tech Stocks to Buy in August,0.2023
AMD,2023-08-01,10:00PM,Advanced Micro Devices (AMD) Q2 2023 Earnings Call Transcript,0.25
AMD,2023-08-01,08:09PM,"AMD Gains After Chipmaker Tops Estimates, Makes AI Inroads",0.6908
AMD,2023-08-01,06:30PM,"AMD Rises on AI-Powered Growth, But Another Nasdaq Stock Is Getting All the After-Hours Love",0.8225
AMD,2023-08-01,06:17PM,"Lackluster Trading Pre-Jobs; AMD, SBUX, PINS, EA Report",0.0
AMD,2023-08-01,06:00PM,Advanced Micro (AMD) Q2 Earnings: How Key Metrics Compare to Wall Street Estimates,0.25
AMD,2023-08-01,05:45PM,Advanced Micro Devices (AMD) Q2 Earnings and Revenues Beat Estimates,0.25
AMD,2023-08-01,05:33PM,"S&P 500 Gains and Losses Today: Pharma Stocks Fall After Pfizer, Merck Reports",-0.0772
AMD,2023-08-01,04:47PM,AMD stock rises after Q2 earnings top estimates,0.2023
AMD,2023-08-01,04:35PM,Advanced Micro: Q2 Earnings Snapshot,0.25
AMD,2023-08-01,04:26PM,"AMD Leaps On Q2 Earnings Beat, Plans To Ramp New AI Chip Production",0.0
AMD,2023-08-01,04:17PM,"AMD forecasts challenger to Nvidia AI chip for 4th quarter, eyes China AI market",0.128
AMD,2023-08-01,04:15PM,AMD Reports Second Quarter 2023 Financial Results,0.0
AMD,2023-08-01,12:24PM,Are AMD CEO Lisa Su and Nvidia's Jensen Huang Related?,0.0
AMD,2023-08-01,09:16AM,What Nvidia and AMD Stock Investors Should Know About Recent Updates,0.0
AMD,2023-08-01,09:04AM,Key Points AMD Stock Investors Should Watch for During Earnings Today,0.0
AMD,2023-08-01,08:01AM,"Red Hot Small-Caps, Joyous July, Stock Seasonality, Staying Nimble, AMD on Tap",0.6249
AMD,2023-08-01,06:03AM,"Stocks Slip Lower, Caterpillar, AMD And Starbucks Earnings On Deck, Fed Loan Survey - 5 Things To Know",-0.296
AMD,2023-08-01,02:00AM,REUTERS NEWS SCHEDULE AT 6 a.m. GMT/2 p.m. SGT,0.0
AMD,2023-07-31,05:57PM,Advanced Micro Devices Q2 Preview: Time to Buy?,0.25
AMD,2023-07-31,05:42PM,"AMD, JetBlue, Starbucks earnings, manufacturing data: What to watch Tuesday",0.0
AMD,2023-07-31,03:26PM,"Dow futures flat, Zoom dips 17.1% after earnings",0.0
AMD,2023-07-31,02:00PM,Jim Cramers 10 S&P 500 Stock Picks for 2023,0.0
AMD,2023-07-31,01:22PM,25 Richest Women in the World,0.5267
AMD,2023-07-31,01:18PM,Will Weak Embedded Segment Hurt AMD's Q2 Earnings Growth?,-0.5719
AMD,2023-07-31,11:52AM,How AI will drive the next tech spending cycle,0.0
AMD,2023-07-31,11:44AM,"AMD earnings, Uber Technologies, Pfizer reports: 3 things to watch",0.0
AMD,2023-07-31,06:45AM,Intel's Data Center Downturn Drags On,-0.1779
AMD,2023-07-30,06:25AM,The Worst Is Over for Intel's PC Business,-0.6249
AMD,2023-07-29,09:36PM,Want to Get Richer? 7 Best Stocks to Buy and Hold for the Next Decade,0.836
AMD,2023-07-29,10:51AM,Better AI Chip Stock: AMD vs. Nvidia,0.4404
AMD,2023-07-28,06:54PM,Time to Buy Intel or AMD Stock as Chip Slowdown Ends?,0.0
AMD,2023-07-28,06:25PM,"Stock Market Action Plan: Apple, Amazon And An Upturn In Optimism",0.6369
AMD,2023-07-28,05:32PM,"Chip stocks, Amazon & Apple earnings, July jobs report: What to watch",0.1779
AMD,2023-07-28,12:34PM,Intel Needs to Latch Onto the AI Boom,0.0
AMD,2023-07-28,11:49AM,What Awaits Advanced Micro Devices (AMD) in Q2 Earnings?,0.3182
AMD,2023-07-28,11:16AM,Nvidia and AMD Stock Investors Should Hear What Intel Just Said,0.0
AMD,2023-07-28,09:51AM,"Intel stock rises on earnings beat, slow recovery in PC segment",0.0
AMD,2023-07-28,08:05AM,Can AMD Be the Next Hottest AI Stock?,0.0
AMD,2023-07-28,06:38AM,"Zacks Market Edge Highlights: NVIDIA, Advanced Micro Devices and HIVE Digital Technologies",0.25
AMD,2023-07-28,02:59AM,"India keen to be 'trusted' chip partner, supplier - Modi",0.3612
AMD,2023-07-28,02:30AM,"AMD Announces Plan to Invest Approximately $400 Million Over the Next Five Years to Expand Research, Development and Engineering Operations in India",0.3182
AMD,2023-07-28,01:49AM,U.S. chipmaker AMD to invest $400 million in India by 2028,0.0
AMD,2023-07-28,01:44AM,U.S. chipmaker AMD to invest $400 mln in India by 2028,0.0
AMD,2023-07-27,07:00PM,Is This The Best Way To Play The $700 Billion EV Boom?,0.765
AMD,2023-07-27,05:03PM,"Why Lam Research, ASML, and Other Semiconductor Stocks Rallied Today",0.0
AMD,2023-07-27,03:27PM,NVIDIA Corp (NVDA): A Comprehensive GF Score Analysis,0.25
AMD,2023-07-27,10:37AM,AI and Blockchain Stocks: Are They Cousins?,0.0
AMD,2023-07-27,08:22AM,Is Advanced Micro Devices (AMD) Stock Bullish Now?,0.25
AMD,2023-07-27,08:00AM,How To Trade Stocks During Earnings Season; It Takes Special Care,0.7096
AMD,2023-07-26,02:30PM,25 Most Addictive Video Games in the World,0.0
AMD,2023-07-26,02:04PM,10 Best Semiconductor Stocks To Buy For The AI Boom,0.6369
AMD,2023-07-26,11:35AM,"Nvidia, Other Chip Stocks Fall on Soft Industry Outlook",0.0
AMD,2023-07-26,07:22AM,"If You Invested $1,000 in AMD in 2022, This Is How Much You Would Have Today",0.0
AMD,2023-07-26,06:30AM,"Got $5,000? These 2 Growth Stocks Are Smart Buys",0.6486
AMD,2023-07-26,06:05AM,"Foxconn, chip giants head to Modi's home state for India conference",0.0
AMD,2023-07-26,05:05AM,2 Top Artificial Intelligence Stocks to Buy Right Now,0.5994
AMD,2023-07-26,05:00AM,"The Zacks Analyst Blog Highlights VanEck Vectors Semiconductor ETF, iShares Semiconductor ETF, First Trust NASDAQ Semiconductor ETF and Invesco PHLX Semiconductor ETF",0.5106
AMD,2023-07-25,04:01PM,NVIDIA Corp (NVDA): A Comprehensive GF Score Analysis,0.25
AMD,2023-07-25,10:15AM,Semiconductor ETFs in Focus Ahead of Q2 Earnings,0.0
AMD,2023-07-25,07:54AM,"Time for Profit-Taking? China Addresses Demand, Wilson Says Uncle, Trading Deere",-0.128
AMD,2023-07-25,07:30AM,4 Growth Stocks to Buy and Hold Forever,0.3818
AMD,2023-07-25,05:00AM,Could Nvidia Stock Help You Retire a Millionaire?,0.4019
